Category,Category URL,Subcategory,Subcategory URL
Kilos,https://www.flipkart.com/grocery-store,,
Mobiles,https://www.flipkart.com/mobiles,,
Fashion,https://www.flipkart.com/clothing-and-accessories,,
Electronics,https://www.flipkart.com/electronics,,
Home & Furniture,https://www.flipkart.com/home-furniture,,
Appliances,https://www.flipkart.com/home-kitchen/home-appliances,,
Flight Bookings,https://www.flipkart.com/travel/flights,,
"Beauty, Toys & More",https://www.flipkart.com/beauty-toys-more,,
Two Wheelers,https://www.flipkart.com/automotive/two-wheelers,,
